Index,gain_kr,gain_ks,gain_to,gain_na,gain_ca,APD90,APD60,APD40,APA,TRI60,TRI40,EAD,90PERCENT,90to90,Alternan,Pro-Arrhythmic
9,20.631550015711305,20.631550015711305,20.631550015711305,20.631550015711305,20.631550015711305,,,,,,,,,,True,True
