Index,gain_kr,gain_ks,gain_to,gain_na,gain_ca,APD90,APD60,APD40,APA,TRI60,TRI40,EAD,90PERCENT,90to90,Alternan,Pro-Arrhythmic
1,0.07538100324727073,1,1,1,8.464550523302176,,,,,,,,,,True,True
4,0.00024596597224424595,1,1,1,2.6901516512784878,,,,,,,,,,True,True
5,0.03384277513511263,1,1,1,7.907378883992455,66.36894837836735,24.6477136646281,10.339904011925682,56.87552240591317,-0.401276700274101,-0.5668798520740724,899.123503861425,-12.885927654406652,67.36353122239234,False,True
7,0.08748012386840959,1,1,1,1.7177676735412848,,,,,,,,,,True,True
