Index,gain_kr,gain_ks,gain_to,gain_na,gain_ca,APD90,APD60,APD40,APA,TRI60,TRI40,90PERCENT,90to90,PeakDist,EAD,Alternan,Pro-Arrhythmic
4,0.41901262267853795,0.4979603288961705,19.002912037454973,0.9399568458996181,13.25057079689722,47.015908857865725,17.714839874010067,7.737792824336793,58.111470731052265,-0.5978712501427594,-0.8212426489512219,-14.642652193907887,48.015908857865725,911.3666970732738,True,False,True
22,0.6576239205711203,0.1303076402243976,0.4129337936815286,0.6625835195784731,3.357227022083002,526.1209284179495,481.3634884484927,211.98323678871384,128.2850006357815,-0.9228528486232106,-0.32838629090841137,-78.3701018877258,541.3414684402524,345.3110512679559,True,False,True
